INSERT INTO empleados (Identificador, nombre, apellidos) VALUES
(1,'Ana','García López'),
(2,'Luis','Martínez Pérez'),
(3,'María','Sánchez Ruiz'),
(4,'Javier','Fernández Gómez'),
(5,'Laura','Díaz Ortega'),
(6,'Carlos','Romero Torres'),
(7,'Elena','Navarro Martínez'),
(8,'Pablo','Hernández Soto'),
(9,'Sofía','Iglesias Navarro'),
(10,'Miguel','Castro León'),
(11,'Clara','Vidal Serrano'),
(12,'Diego','Morales Rivas'),
(13,'Lucía','Cano Torres'),
(14,'Adrián','Herrero Gil'),
(15,'Nuria','Requena Soler');

INSERT INTO jefes_departamento (Identificador, nombre, apellidos) VALUES
(1,'Juan','López García'),
(2,'Isabel','Martín Torres'),
(3,'Pedro','Hernández Rojas'),
(4,'Raquel','Santos Pérez'),
(5,'Alberto','Gómez Ortiz'),
(6,'Carmen','Fuentes Beltrán'),
(7,'Roberto','Pascual Torres');

INSERT INTO proyectos (Identificador, nombre, id_jefe) VALUES
(1,'Sistema de Gestión Interna',1),
(2,'Aplicación CRM Clientes',2),
(3,'Migración Cloud AWS',3),
(4,'Portal Web Corporativo',4),
(5,'Automatización de Procesos',5),
(6,'Análisis de Datos Empresariales',6),
(7,'Seguridad Informática',7),
(8,'Optimización de Bases de Datos',2),
(9,'App de Ventas Móvil',5),
(10,'Dashboard de KPI',3),
(11,'Sistema de Facturación',4),
(12,'Plataforma de Recursos Humanos',1);

INSERT INTO asignaciones (Identificador, id_proyecto, id_empleado) VALUES
(1,1,1),
(2,1,2),
(3,1,3),
(4,2,1),
(5,2,4),
(6,2,5),
(7,3,6),
(8,3,7),
(9,3,8),
(10,4,9),
(11,4,10),
(12,5,11),
(13,5,12),
(14,6,13),
(15,6,14),
(16,7,15),
(17,7,3),
(18,8,4),
(19,8,5),
(20,9,6),
(21,10,7),
(22,11,8),
(23,12,9),
(24,12,10),
(25,9,11),
(26,5,12),
(27,4,13),
(28,3,14),
(29,2,15),
(30,1,4);